signal_time,fill_time,prev_close,signal_close,points_down_24h,fill_close_raw,buy_shares,buy_value_usd,buy_fee_usd,sell_shares,sell_value_usd,sell_fee_usd,skipped,cash_usd,total_shares,equity_usd
2025-01-03,2025-01-06,10.460000038146973,12.34000015258789,0.0,12.890000343322754,0.0,0.0,0.0,0.0,0.0,0.0,False,10000.0,0.0,10000.0
2025-01-06,2025-01-07,12.34000015258789,12.890000343322754,0.0,12.40999984741211,0.0,0.0,0.0,0.0,0.0,0.0,False,10000.0,0.0,10000.0
2025-01-07,2025-01-08,12.890000343322754,12.40999984741211,0.0,12.020000457763672,0.0,0.0,0.0,0.0,0.0,0.0,False,10000.0,0.0,10000.0
2025-01-08,2025-01-10,12.40999984741211,12.020000457763672,0.0,12.0,0.0,0.0,0.0,0.0,0.0,0.0,False,10000.0,0.0,10000.0
2025-01-10,2025-01-13,12.020000457763672,12.0,0.0,11.770000457763672,0.0,0.0,0.0,0.0,0.0,0.0,False,10000.0,0.0,10000.0
2025-01-13,2025-01-14,12.0,11.770000457763672,0.0,12.239999771118164,0.0,0.0,0.0,0.0,0.0,0.0,False,10000.0,0.0,10000.0
2025-01-14,2025-01-15,11.770000457763672,12.239999771118164,0.0,13.460000038146973,0.0,0.0,0.0,0.0,0.0,0.0,False,10000.0,0.0,10000.0
2025-01-15,2025-01-16,12.239999771118164,13.460000038146973,0.0,13.289999961853027,0.0,0.0,0.0,0.0,0.0,0.0,False,10000.0,0.0,10000.0
2025-01-16,2025-01-17,13.460000038146973,13.289999961853027,0.0,13.390000343322754,0.0,0.0,0.0,0.0,0.0,0.0,False,10000.0,0.0,10000.0
2025-01-17,2025-01-21,13.289999961853027,13.390000343322754,0.0,12.739999771118164,0.0,0.0,0.0,0.0,0.0,0.0,False,10000.0,0.0,10000.0
2025-01-21,2025-01-22,13.390000343322754,12.739999771118164,0.0,13.140000343322754,0.0,0.0,0.0,0.0,0.0,0.0,False,10000.0,0.0,10000.0
2025-01-22,2025-01-23,12.739999771118164,13.140000343322754,0.0,12.989999771118164,0.0,0.0,0.0,0.0,0.0,0.0,False,10000.0,0.0,10000.0
2025-01-23,2025-01-24,13.140000343322754,12.989999771118164,0.0,13.539999961853027,0.0,0.0,0.0,0.0,0.0,0.0,False,10000.0,0.0,10000.0
2025-01-24,2025-01-27,12.989999771118164,13.539999961853027,0.0,11.449999809265137,0.0,0.0,0.0,0.0,0.0,0.0,False,10000.0,0.0,10000.0
2025-01-27,2025-01-28,13.539999961853027,11.449999809265137,2.0,10.949999809265137,0.18255712644476108,2.0,0.002,0.0,0.0,0.0,False,9997.998,0.18255712644476108,10000.088279062971
2025-01-28,2025-01-29,11.449999809265137,10.949999809265137,0.0,11.220000267028809,0.0,0.0,0.0,0.0,0.0,0.0,False,9997.998,0.18255712644476108,9999.99700049975
2025-01-29,2025-01-30,10.949999809265137,11.220000267028809,0.0,11.899999618530273,0.0,0.0,0.0,0.0,0.0,0.0,False,9997.998,0.18255712644476108,10000.046291007458
2025-01-30,2025-01-31,11.220000267028809,11.899999618530273,0.0,11.880000114440918,0.0,0.0,0.0,0.0,0.0,0.0,False,9997.998,0.18255712644476108,10000.170429735052
2025-01-31,2025-02-03,11.899999618530273,11.880000114440918,0.0,11.989999771118164,0.0,0.0,0.0,0.0,0.0,0.0,False,9997.998,0.18255712644476108,10000.166778683055
2025-02-03,2025-02-04,11.880000114440918,11.989999771118164,0.0,12.289999961853027,0.0,0.0,0.0,0.0,0.0,0.0,False,9997.998,0.18255712644476108,10000.186859904288
2025-02-04,2025-02-05,11.989999771118164,12.289999961853027,0.0,11.739999771118164,0.0,0.0,0.0,0.0,0.0,0.0,False,9997.998,0.18255712644476108,10000.24162707704
2025-02-05,2025-02-06,12.289999961853027,11.739999771118164,0.0,11.609999656677246,0.0,0.0,0.0,0.0,0.0,0.0,False,9997.998,0.18255712644476108,10000.141220622678
2025-02-06,2025-02-07,11.739999771118164,11.609999656677246,0.0,11.640000343322754,0.0,0.0,0.0,0.0,0.0,0.0,False,9997.998,0.18255712644476108,10000.117488175347
2025-02-07,2025-02-10,11.609999656677246,11.640000343322754,0.0,11.630000114440918,0.0,0.0,0.0,0.0,0.0,0.0,False,9997.998,0.18255712644476108,10000.122965014492
2025-02-10,2025-02-11,11.640000343322754,11.630000114440918,0.0,11.140000343322754,0.0,0.0,0.0,0.0,0.0,0.0,False,9997.998,0.18255712644476108,10000.121139401444
2025-02-11,2025-02-12,11.630000114440918,11.140000343322754,0.0,11.15999984741211,0.0,0.0,0.0,0.0,0.0,0.0,False,9997.998,0.18255712644476108,10000.03168645127
2025-02-12,2025-02-13,11.140000343322754,11.15999984741211,0.0,12.229999542236328,0.0,0.0,0.0,0.0,0.0,0.0,False,9997.998,0.18255712644476108,10000.035337503266
2025-02-13,2025-02-14,11.15999984741211,12.229999542236328,0.0,12.270000457763672,0.0,0.0,0.0,0.0,0.0,0.0,False,9997.998,0.18255712644476108,10000.23067357285
2025-02-14,2025-02-18,12.229999542236328,12.270000457763672,0.0,11.5600004196167,0.0,0.0,0.0,0.0,0.0,0.0,False,9997.998,0.18255712644476108,10000.237976025044
2025-02-18,2025-02-19,12.270000457763672,11.5600004196167,0.0,11.5600004196167,0.0,0.0,0.0,0.0,0.0,0.0,False,9997.998,0.18255712644476108,10000.108360458305
2025-02-19,2025-02-20,11.5600004196167,11.5600004196167,0.0,11.600000381469727,0.0,0.0,0.0,0.0,0.0,0.0,False,9997.998,0.18255712644476108,10000.108360458305
2025-02-20,2025-02-21,11.5600004196167,11.600000381469727,0.0,10.460000038146973,0.0,0.0,0.0,0.0,0.0,0.0,False,9997.998,0.18255712644476108,10000.115662736398
2025-02-21,2025-02-24,11.600000381469727,10.460000038146973,1.0,9.989999771118164,0.10005007735482561,1.0,0.001,0.0,0.0,0.0,False,9996.997,0.2826072037995867,9999.953071362524
2025-02-24,2025-02-25,10.460000038146973,9.989999771118164,0.0,9.319999694824219,0.0,0.0,0.0,0.0,0.0,0.0,False,9996.997,0.2826072037995867,9999.820245901274
2025-02-25,2025-02-26,9.989999771118164,9.319999694824219,0.0,8.9399995803833,0.0,0.0,0.0,0.0,0.0,0.0,False,9996.997,0.2826072037995867,9999.630899053167
2025-02-26,2025-02-27,9.319999694824219,8.9399995803833,0.0,8.65999984741211,0.0,0.0,0.0,0.0,0.0,0.0,False,9996.997,0.2826072037995867,9999.52350828338
2025-02-27,2025-02-28,8.9399995803833,8.65999984741211,0.0,9.279999732971191,0.0,0.0,0.0,0.0,0.0,0.0,False,9996.997,0.2826072037995867,9999.444378341781
2025-02-28,2025-03-03,8.65999984741211,9.279999732971191,0.0,8.859999656677246,0.0,0.0,0.0,0.0,0.0,0.0,False,9996.997,0.2826072037995867,9999.619594775795
2025-03-03,2025-03-04,9.279999732971191,8.859999656677246,0.0,8.40999984741211,0.0,0.0,0.0,0.0,0.0,0.0,False,9996.997,0.2826072037995867,9999.500899728639
2025-03-04,2025-03-05,8.859999656677246,8.40999984741211,0.0,8.880000114440918,0.0,0.0,0.0,0.0,0.0,0.0,False,9996.997,0.2826072037995867,9999.37372654083
2025-03-05,2025-03-06,8.40999984741211,8.880000114440918,0.0,8.114999771118164,0.0,0.0,0.0,0.0,0.0,0.0,False,9996.997,0.2826072037995867,9999.506552002082
2025-03-06,2025-03-07,8.880000114440918,8.114999771118164,0.0,8.369999885559082,0.0,0.0,0.0,0.0,0.0,0.0,False,9996.997,0.2826072037995867,9999.29035739415
2025-03-07,2025-03-10,8.114999771118164,8.369999885559082,0.0,7.559999942779541,0.0,0.0,0.0,0.0,0.0,0.0,False,9996.997,0.2826072037995867,9999.36242226346
2025-03-10,2025-03-11,8.369999885559082,7.559999942779541,0.0,7.71999979019165,0.0,0.0,0.0,0.0,0.0,0.0,False,9996.997,0.2826072037995867,9999.133510444553
2025-03-11,2025-03-12,7.559999942779541,7.71999979019165,0.0,7.849999904632568,0.0,0.0,0.0,0.0,0.0,0.0,False,9996.997,0.2826072037995867,9999.17872755404
2025-03-12,2025-03-13,7.71999979019165,7.849999904632568,0.0,7.309999942779541,0.0,0.0,0.0,0.0,0.0,0.0,False,9996.997,0.2826072037995867,9999.215466522875
2025-03-13,2025-03-14,7.849999904632568,7.309999942779541,0.0,7.820000171661377,0.0,0.0,0.0,0.0,0.0,0.0,False,9996.997,0.2826072037995867,9999.062858643603
2025-03-14,2025-03-17,7.309999942779541,7.820000171661377,0.0,7.760000228881836,0.0,0.0,0.0,0.0,0.0,0.0,False,9996.997,0.2826072037995867,9999.206988382224
2025-03-17,2025-03-18,7.820000171661377,7.760000228881836,0.0,7.400000095367432,0.0,0.0,0.0,0.0,0.0,0.0,False,9996.997,0.2826072037995867,9999.190031966167
2025-03-18,2025-03-19,7.760000228881836,7.400000095367432,0.0,7.78000020980835,0.0,0.0,0.0,0.0,0.0,0.0,False,9996.997,0.2826072037995867,9999.088293335068
2025-03-19,2025-03-20,7.400000095367432,7.78000020980835,0.0,7.760000228881836,0.0,0.0,0.0,0.0,0.0,0.0,False,9996.997,0.2826072037995867,9999.195684104854
2025-03-20,2025-03-21,7.78000020980835,7.760000228881836,0.0,7.949999809265137,0.0,0.0,0.0,0.0,0.0,0.0,False,9996.997,0.2826072037995867,9999.190031966167
2025-03-21,2025-03-24,7.760000228881836,7.949999809265137,0.0,8.720000267028809,0.0,0.0,0.0,0.0,0.0,0.0,False,9996.997,0.2826072037995867,9999.243727216302
2025-03-24,2025-03-25,7.949999809265137,8.720000267028809,0.0,8.510000228881836,0.0,0.0,0.0,0.0,0.0,0.0,False,9996.997,0.2826072037995867,9999.461334892596
2025-03-25,2025-03-26,8.720000267028809,8.510000228881836,0.0,7.900000095367432,0.0,0.0,0.0,0.0,0.0,0.0,False,9996.997,0.2826072037995867,9999.401987369018
2025-03-26,2025-03-27,8.510000228881836,7.900000095367432,0.0,7.769999980926514,0.0,0.0,0.0,0.0,0.0,0.0,False,9996.997,0.2826072037995867,9999.229596936968
2025-03-27,2025-03-28,7.900000095367432,7.769999980926514,0.0,7.409999847412109,0.0,0.0,0.0,0.0,0.0,0.0,False,9996.997,0.2826072037995867,9999.192857968132
2025-03-28,2025-03-31,7.769999980926514,7.409999847412109,0.0,7.119999885559082,0.0,0.0,0.0,0.0,0.0,0.0,False,9996.997,0.2826072037995867,9999.091119337032
2025-03-31,2025-04-01,7.409999847412109,7.119999885559082,0.0,7.539999961853027,0.0,0.0,0.0,0.0,0.0,0.0,False,9996.997,0.2826072037995867,9999.00916325871
2025-04-01,2025-04-02,7.119999885559082,7.539999961853027,0.0,8.020000457763672,0.0,0.0,0.0,0.0,0.0,0.0,False,9996.997,0.2826072037995867,9999.127858305868
2025-04-02,2025-04-03,7.539999961853027,8.020000457763672,0.0,7.300000190734863,0.0,0.0,0.0,0.0,0.0,0.0,False,9996.997,0.2826072037995867,9999.26350990384
2025-04-03,2025-04-04,8.020000457763672,7.300000190734863,0.0,7.139999866485596,0.0,0.0,0.0,0.0,0.0,0.0,False,9996.997,0.2826072037995867,9999.060032641639
2025-04-04,2025-04-07,7.300000190734863,7.139999866485596,0.0,7.110000133514404,0.0,0.0,0.0,0.0,0.0,0.0,False,9996.997,0.2826072037995867,9999.014815397397
2025-04-07,2025-04-08,7.139999866485596,7.110000133514404,0.0,6.539999961853027,0.0,0.0,0.0,0.0,0.0,0.0,False,9996.997,0.2826072037995867,9999.006337256747
2025-04-08,2025-04-09,7.110000133514404,6.539999961853027,0.0,7.375,0.0,0.0,0.0,0.0,0.0,0.0,False,9996.997,0.2826072037995867,9998.845251102068
2025-04-09,2025-04-10,6.539999961853027,7.375,0.0,6.789999961853027,0.0,0.0,0.0,0.0,0.0,0.0,False,9996.997,0.2826072037995867,9999.081228128021
2025-04-10,2025-04-11,7.375,6.789999961853027,0.0,7.059999942779541,0.0,0.0,0.0,0.0,0.0,0.0,False,9996.997,0.2826072037995867,9998.915902903018
2025-04-11,2025-04-14,6.789999961853027,7.059999942779541,0.0,7.010000228881836,0.0,0.0,0.0,0.0,0.0,0.0,False,9996.997,0.2826072037995867,9998.992206842653
2025-04-14,2025-04-15,7.059999942779541,7.010000228881836,0.0,6.550000190734863,0.0,0.0,0.0,0.0,0.0,0.0,False,9996.997,0.2826072037995867,9998.978076563319
2025-04-15,2025-04-16,7.010000228881836,6.550000190734863,0.0,6.360000133514404,0.0,0.0,0.0,0.0,0.0,0.0,False,9996.997,0.2826072037995867,9998.84807723879
2025-04-16,2025-04-17,6.550000190734863,6.360000133514404,0.0,6.460000038146973,0.0,0.0,0.0,0.0,0.0,0.0,False,9996.997,0.2826072037995867,9998.794381853897
2025-04-17,2025-04-21,6.360000133514404,6.460000038146973,0.0,6.289999961853027,0.0,0.0,0.0,0.0,0.0,0.0,False,9996.997,0.2826072037995867,9998.822642547326
2025-04-21,2025-04-22,6.460000038146973,6.289999961853027,0.0,7.119999885559082,0.0,0.0,0.0,0.0,0.0,0.0,False,9996.997,0.2826072037995867,9998.774599301118
2025-04-22,2025-04-23,6.289999961853027,7.119999885559082,0.0,7.5,0.0,0.0,0.0,0.0,0.0,0.0,False,9996.997,0.2826072037995867,9999.00916325871
2025-04-23,2025-04-24,7.119999885559082,7.5,0.0,7.789999961853027,0.0,0.0,0.0,0.0,0.0,0.0,False,9996.997,0.2826072037995867,9999.116554028496
2025-04-24,2025-04-25,7.5,7.789999961853027,0.0,7.769999980926514,0.0,0.0,0.0,0.0,0.0,0.0,False,9996.997,0.2826072037995867,9999.198510106817
2025-04-25,2025-04-28,7.789999961853027,7.769999980926514,0.0,7.630000114440918,0.0,0.0,0.0,0.0,0.0,0.0,False,9996.997,0.2826072037995867,9999.192857968132
2025-04-28,2025-04-29,7.769999980926514,7.630000114440918,0.0,7.420000076293945,0.0,0.0,0.0,0.0,0.0,0.0,False,9996.997,0.2826072037995867,9999.153292997333
2025-04-29,2025-04-30,7.630000114440918,7.420000076293945,0.0,7.239999771118164,0.0,0.0,0.0,0.0,0.0,0.0,False,9996.997,0.2826072037995867,9999.093945473753
2025-04-30,2025-05-01,7.420000076293945,7.239999771118164,0.0,7.769999980926514,0.0,0.0,0.0,0.0,0.0,0.0,False,9996.997,0.2826072037995867,9999.043076090824
2025-05-01,2025-05-02,7.239999771118164,7.769999980926514,0.0,8.390000343322754,0.0,0.0,0.0,0.0,0.0,0.0,False,9996.997,0.2826072037995867,9999.192857968132
2025-05-02,2025-05-05,7.769999980926514,8.390000343322754,0.0,7.900000095367432,0.0,0.0,0.0,0.0,0.0,0.0,False,9996.997,0.2826072037995867,9999.368074536904
2025-05-05,2025-05-06,8.390000343322754,7.900000095367432,0.0,7.860000133514404,0.0,0.0,0.0,0.0,0.0,0.0,False,9996.997,0.2826072037995867,9999.229596936968
2025-05-06,2025-05-07,7.900000095367432,7.860000133514404,0.0,7.840000152587891,0.0,0.0,0.0,0.0,0.0,0.0,False,9996.997,0.2826072037995867,9999.218292659596
2025-05-07,2025-05-08,7.860000133514404,7.840000152587891,0.0,8.4399995803833,0.0,0.0,0.0,0.0,0.0,0.0,False,9996.997,0.2826072037995867,9999.212640520911
2025-05-08,2025-05-09,7.840000152587891,8.4399995803833,0.0,8.479999542236328,0.0,0.0,0.0,0.0,0.0,0.0,False,9996.997,0.2826072037995867,9999.382204681482
2025-05-09,2025-05-12,8.4399995803833,8.479999542236328,0.0,8.699999809265137,0.0,0.0,0.0,0.0,0.0,0.0,False,9996.997,0.2826072037995867,9999.393508958852
2025-05-12,2025-05-13,8.479999542236328,8.699999809265137,0.0,9.0600004196167,0.0,0.0,0.0,0.0,0.0,0.0,False,9996.997,0.2826072037995867,9999.455682619153
2025-05-13,2025-05-14,8.699999809265137,9.0600004196167,0.0,8.90999984741211,0.0,0.0,0.0,0.0,0.0,0.0,False,9996.997,0.2826072037995867,9999.55742138501
2025-05-14,2025-05-15,9.0600004196167,8.90999984741211,0.0,8.699999809265137,0.0,0.0,0.0,0.0,0.0,0.0,False,9996.997,0.2826072037995867,9999.515030142731
2025-05-15,2025-05-16,8.90999984741211,8.699999809265137,0.0,9.149999618530273,0.0,0.0,0.0,0.0,0.0,0.0,False,9996.997,0.2826072037995867,9999.455682619153
2025-05-16,2025-05-19,8.699999809265137,9.149999618530273,0.0,8.970000267028809,0.0,0.0,0.0,0.0,0.0,0.0,False,9996.997,0.2826072037995867,9999.582855806959
2025-05-19,2025-05-20,9.149999618530273,8.970000267028809,0.0,8.930000305175781,0.0,0.0,0.0,0.0,0.0,0.0,False,9996.997,0.2826072037995867,9999.531986693546
2025-05-20,2025-05-21,8.970000267028809,8.930000305175781,0.0,8.84000015258789,0.0,0.0,0.0,0.0,0.0,0.0,False,9996.997,0.2826072037995867,9999.520682416174
2025-05-21,2025-05-22,8.930000305175781,8.84000015258789,0.0,8.9399995803833,0.0,0.0,0.0,0.0,0.0,0.0,False,9996.997,0.2826072037995867,9999.49524772471
2025-05-22,2025-05-23,8.84000015258789,8.9399995803833,0.0,8.550000190734863,0.0,0.0,0.0,0.0,0.0,0.0,False,9996.997,0.2826072037995867,9999.52350828338
2025-05-23,2025-05-27,8.9399995803833,8.550000190734863,0.0,9.140000343322754,0.0,0.0,0.0,0.0,0.0,0.0,False,9996.997,0.2826072037995867,9999.41329164639
2025-05-27,2025-05-28,8.550000190734863,9.140000343322754,0.0,8.380000114440918,0.0,0.0,0.0,0.0,0.0,0.0,False,9996.997,0.2826072037995867,9999.580029939752
2025-05-28,2025-05-29,9.140000343322754,8.380000114440918,0.0,8.180000305175781,0.0,0.0,0.0,0.0,0.0,0.0,False,9996.997,0.2826072037995867,9999.365248400181
2025-05-29,2025-05-30,8.380000114440918,8.180000305175781,0.0,8.069999694824219,0.0,0.0,0.0,0.0,0.0,0.0,False,9996.997,0.2826072037995867,9999.308727013326
2025-05-30,2025-06-02,8.180000305175781,8.069999694824219,0.0,8.479999542236328,0.0,0.0,0.0,0.0,0.0,0.0,False,9996.997,0.2826072037995867,9999.277640048416
2025-06-02,2025-06-03,8.069999694824219,8.479999542236328,0.0,9.029999732971191,0.0,0.0,0.0,0.0,0.0,0.0,False,9996.997,0.2826072037995867,9999.393508958852
2025-06-03,2025-06-04,8.479999542236328,9.029999732971191,0.0,9.5,0.0,0.0,0.0,0.0,0.0,0.0,False,9996.997,0.2826072037995867,9999.548942974845
2025-06-04,2025-06-05,9.029999732971191,9.5,0.0,8.989999771118164,0.0,0.0,0.0,0.0,0.0,0.0,False,9996.997,0.2826072037995867,9999.681768436096
2025-06-05,2025-06-06,9.5,8.989999771118164,0.0,9.850000381469727,0.0,0.0,0.0,0.0,0.0,0.0,False,9996.997,0.2826072037995867,9999.537638697475
2025-06-06,2025-06-09,8.989999771118164,9.850000381469727,0.0,10.119999885559082,0.0,0.0,0.0,0.0,0.0,0.0,False,9996.997,0.2826072037995867,9999.780681065231
2025-06-09,2025-06-10,9.850000381469727,10.119999885559082,0.0,10.449999809265137,0.0,0.0,0.0,0.0,0.0,0.0,False,9996.997,0.2826072037995867,9999.85698487011
2025-06-10,2025-06-11,10.119999885559082,10.449999809265137,0.0,10.550000190734863,0.0,0.0,0.0,0.0,0.0,0.0,False,9996.997,0.2826072037995867,9999.950245225802
2025-06-11,2025-06-12,10.449999809265137,10.550000190734863,0.0,10.210000038146973,0.0,0.0,0.0,0.0,0.0,0.0,False,9996.997,0.2826072037995867,9999.978506053989
2025-06-12,2025-06-13,10.550000190734863,10.210000038146973,0.0,9.720000267028809,0.0,0.0,0.0,0.0,0.0,0.0,False,9996.997,0.2826072037995867,9999.882419561574
2025-06-13,2025-06-16,10.210000038146973,9.720000267028809,0.0,10.170000076293945,0.0,0.0,0.0,0.0,0.0,0.0,False,9996.997,0.2826072037995867,9999.743942096396
2025-06-16,2025-06-17,9.720000267028809,10.170000076293945,0.0,9.65999984741211,0.0,0.0,0.0,0.0,0.0,0.0,False,9996.997,0.2826072037995867,9999.871115284202
2025-06-17,2025-06-18,10.170000076293945,9.65999984741211,0.0,9.9399995803833,0.0,0.0,0.0,0.0,0.0,0.0,False,9996.997,0.2826072037995867,9999.726985545582
2025-06-18,2025-06-20,9.65999984741211,9.9399995803833,0.0,9.5600004196167,0.0,0.0,0.0,0.0,0.0,0.0,False,9996.997,0.2826072037995867,9999.806115487181
2025-06-20,2025-06-23,9.9399995803833,9.5600004196167,0.0,9.270000457763672,0.0,0.0,0.0,0.0,0.0,0.0,False,9996.997,0.2826072037995867,9999.69872498691
2025-06-23,2025-06-24,9.5600004196167,9.270000457763672,0.0,10.020000457763672,0.0,0.0,0.0,0.0,0.0,0.0,False,9996.997,0.2826072037995867,9999.616768908589
2025-06-24,2025-06-25,9.270000457763672,10.020000457763672,0.0,10.0,0.0,0.0,0.0,0.0,0.0,0.0,False,9996.997,0.2826072037995867,9999.82872431144
2025-06-25,2025-06-26,10.020000457763672,10.0,0.0,10.510000228881836,0.0,0.0,0.0,0.0,0.0,0.0,False,9996.997,0.2826072037995867,9999.823072037996
2025-06-26,2025-06-27,10.0,10.510000228881836,0.0,10.550000190734863,0.0,0.0,0.0,0.0,0.0,0.0,False,9996.997,0.2826072037995867,9999.967201776617
2025-06-27,2025-06-30,10.510000228881836,10.550000190734863,0.0,11.300000190734863,0.0,0.0,0.0,0.0,0.0,0.0,False,9996.997,0.2826072037995867,9999.978506053989
2025-06-30,2025-07-01,10.550000190734863,11.300000190734863,0.0,11.270000457763672,0.0,0.0,0.0,0.0,0.0,0.0,False,9996.997,0.2826072037995867,10000.190461456838
2025-07-01,2025-07-02,11.300000190734863,11.270000457763672,0.0,12.199999809265137,0.0,0.0,0.0,0.0,0.0,0.0,False,9996.997,0.2826072037995867,10000.181983316188
2025-07-02,2025-07-03,11.270000457763672,12.199999809265137,0.0,12.170000076293945,0.0,0.0,0.0,0.08221037336507056,1.0,0.001,False,9997.996,0.20039683043451614,10000.440841293077
2025-07-03,2025-07-07,12.199999809265137,12.170000076293945,0.0,11.550000190734863,0.0,0.0,0.0,0.0,0.0,0.0,False,9997.996,0.20039683043451614,10000.434829441676
2025-07-07,2025-07-08,12.170000076293945,11.550000190734863,0.0,11.569999694824219,0.0,0.0,0.0,0.0,0.0,0.0,False,9997.996,0.20039683043451614,10000.31058342974
2025-07-08,2025-07-09,11.550000190734863,11.569999694824219,0.0,12.239999771118164,0.0,0.0,0.0,0.0,0.0,0.0,False,9997.996,0.20039683043451614,10000.31459126697
2025-07-09,2025-07-10,11.569999694824219,12.239999771118164,0.0,12.59000015258789,0.0,0.0,0.0,0.0,0.0,0.0,False,9997.996,0.20039683043451614,10000.44885715865
2025-07-10,2025-07-11,12.239999771118164,12.59000015258789,0.0,12.420000076293945,0.0,0.0,0.0,0.0,0.0,0.0,False,9997.996,0.20039683043451614,10000.518996125747
2025-07-11,2025-07-14,12.59000015258789,12.420000076293945,0.0,12.510000228881836,0.0,0.0,0.0,0.0,0.0,0.0,False,9997.996,0.20039683043451614,10000.484928649284
2025-07-14,2025-07-15,12.420000076293945,12.510000228881836,0.0,12.100000381469727,0.0,0.0,0.0,0.0,0.0,0.0,False,9997.996,0.20039683043451614,10000.502964394602
2025-07-15,2025-07-16,12.510000228881836,12.100000381469727,0.0,12.569999694824219,0.0,0.0,0.0,0.0,0.0,0.0,False,9997.996,0.20039683043451614,10000.420801724702
2025-07-16,2025-07-17,12.100000381469727,12.569999694824219,0.0,13.329999923706055,0.0,0.0,0.0,0.0,0.0,0.0,False,9997.996,0.20039683043451614,10000.514988097404
2025-07-17,2025-07-18,12.569999694824219,13.329999923706055,0.0,13.859999656677246,0.0,0.0,0.0,0.0721861670207948,0.9999999999999999,0.0009999999999999998,False,9998.994999999999,0.12821066341372134,10000.704048133523
2025-07-18,2025-07-21,13.329999923706055,13.859999656677246,0.0,14.020000457763672,0.0,0.0,0.0,0.07136235502553273,1.0,0.001,False,9999.993999999999,0.056848308388188606,10000.781917534741
2025-07-21,2025-07-22,13.859999656677246,14.020000457763672,0.0,14.270000457763672,0.0,0.0,0.0,0.0,0.0,0.0,False,9999.993999999999,0.056848308388188606,10000.791013309625
2025-07-22,2025-07-23,14.020000457763672,14.270000457763672,0.0,14.34000015258789,0.0,0.0,0.0,0.0,0.0,0.0,False,9999.993999999999,0.056848308388188606,10000.80522538672
2025-07-23,2025-07-24,14.270000457763672,14.34000015258789,0.0,14.6899995803833,0.0,0.0,0.0,0.0,0.0,0.0,False,9999.993999999999,0.056848308388188606,10000.80920475096
2025-07-24,2025-07-25,14.34000015258789,14.6899995803833,0.0,14.539999961853027,0.0,0.0,0.0,0.0,0.0,0.0,False,9999.993999999999,0.056848308388188606,10000.829101626367
2025-07-25,2025-07-28,14.6899995803833,14.539999961853027,0.0,14.510000228881836,0.0,0.0,0.0,0.0,0.0,0.0,False,9999.993999999999,0.056848308388188606,10000.820574401794
2025-07-28,2025-07-29,14.539999961853027,14.510000228881836,0.0,13.600000381469727,0.0,0.0,0.0,0.0,0.0,0.0,False,9999.993999999999,0.056848308388188606,10000.818868967723
2025-07-29,2025-07-30,14.510000228881836,13.600000381469727,0.0,13.520000457763672,0.0,0.0,0.0,0.0,0.0,0.0,False,9999.993999999999,0.056848308388188606,10000.767137015764
2025-07-30,2025-07-31,13.600000381469727,13.520000457763672,0.0,13.40999984741211,0.0,0.0,0.0,0.0,0.0,0.0,False,9999.993999999999,0.056848308388188606,10000.76258915543
2025-07-31,2025-08-01,13.520000457763672,13.40999984741211,0.0,11.029999732971191,0.0,0.0,0.0,0.0,0.0,0.0,False,9999.993999999999,0.056848308388188606,10000.75633580681
2025-08-01,2025-08-04,13.40999984741211,11.029999732971191,2.0,11.420000076293945,0.17504382542866384,2.0,0.002,0.0,0.0,0.0,False,9997.991999999998,0.23189213381685245,10000.549770174077
2025-08-04,2025-08-05,11.029999732971191,11.420000076293945,0.0,11.130000114440918,0.0,0.0,0.0,0.0,0.0,0.0,False,9997.991999999998,0.23189213381685245,10000.64020818588
2025-08-05,2025-08-06,11.420000076293945,11.130000114440918,0.0,11.65999984741211,0.0,0.0,0.0,0.0,0.0,0.0,False,9997.991999999998,0.23189213381685245,10000.572959475918
2025-08-06,2025-08-07,11.130000114440918,11.65999984741211,0.0,11.579999923706055,0.0,0.0,0.0,0.0,0.0,0.0,False,9997.991999999998,0.23189213381685245,10000.695862244918
2025-08-07,2025-08-08,11.65999984741211,11.579999923706055,0.0,11.079999923706055,0.0,0.0,0.0,0.0,0.0,0.0,False,9997.991999999998,0.23189213381685245,10000.677310891906
2025-08-08,2025-08-11,11.579999923706055,11.079999923706055,0.0,11.109999656677246,0.0,0.0,0.0,0.0,0.0,0.0,False,9997.991999999998,0.23189213381685245,10000.561364824996
2025-08-11,2025-08-12,11.079999923706055,11.109999656677246,0.0,11.4399995803833,0.0,0.0,0.0,0.0,0.0,0.0,False,9997.991999999998,0.23189213381685245,10000.56832152709
2025-08-12,2025-08-13,11.109999656677246,11.4399995803833,0.0,11.59000015258789,0.0,0.0,0.0,0.0,0.0,0.0,False,9997.991999999998,0.23189213381685245,10000.644845913557
2025-08-13,2025-08-14,11.4399995803833,11.59000015258789,0.0,12.25,0.0,0.0,0.0,0.0,0.0,0.0,False,9997.991999999998,0.23189213381685245,10000.67962986632
2025-08-14,2025-08-15,11.59000015258789,12.25,0.0,11.329999923706055,0.0,0.0,0.0,0.0,0.0,0.0,False,9997.991999999998,0.23189213381685245,10000.832678639255
2025-08-15,2025-08-18,12.25,11.329999923706055,0.0,12.319999694824219,0.0,0.0,0.0,0.0,0.0,0.0,False,9997.991999999998,0.23189213381685245,10000.619337858452
2025-08-18,2025-08-19,11.329999923706055,12.319999694824219,0.0,11.960000038146973,0.0,0.0,0.0,0.0,0.0,0.0,False,9997.991999999998,0.23189213381685245,10000.848911017854
2025-08-19,2025-08-20,12.319999694824219,11.960000038146973,0.0,12.520000457763672,0.0,0.0,0.0,0.0,0.0,0.0,False,9997.991999999998,0.23189213381685245,10000.765429929294
2025-08-20,2025-08-21,11.960000038146973,12.520000457763672,0.0,12.270000457763672,0.0,0.0,0.0,0.0,0.0,0.0,False,9997.991999999998,0.23189213381685245,10000.895289621538
2025-08-21,2025-08-22,12.520000457763672,12.270000457763672,0.0,13.220000267028809,0.0,0.0,0.0,0.0,0.0,0.0,False,9997.991999999998,0.23189213381685245,10000.837316588082
2025-08-22,2025-08-25,12.270000457763672,13.220000267028809,0.0,13.279999732971191,0.0,0.0,0.0,0.0,0.0,0.0,False,9997.991999999998,0.23189213381685245,10001.057614070978
2025-08-25,2025-08-26,13.220000267028809,13.279999732971191,0.0,13.6899995803833,0.0,0.0,0.0,0.0,0.0,0.0,False,9997.991999999998,0.23189213381685245,10001.071527475164
2025-08-26,2025-08-27,13.279999732971191,13.6899995803833,0.0,13.550000190734863,0.0,0.0,0.0,0.07383765579643153,1.0,0.001,False,9998.990999999998,0.1580544780204209,10001.154765737776
2025-08-27,2025-08-28,13.6899995803833,13.550000190734863,0.0,13.800000190734863,0.0,0.0,0.0,0.07250001712295519,0.9999999999999999,0.0009999999999999998,False,9999.989999999998,0.08555446089746573,10001.149262961477
2025-08-28,2025-08-29,13.550000190734863,13.800000190734863,0.0,13.760000228881836,0.0,0.0,0.0,0.0,0.0,0.0,False,9999.989999999998,0.08555446089746573,10001.170651576702
2025-08-29,2025-09-02,13.800000190734863,13.760000228881836,0.0,14.09000015258789,0.0,0.0,0.0,0.0,0.0,0.0,False,9999.989999999998,0.08555446089746573,10001.16722940153
2025-09-02,2025-09-03,13.760000228881836,14.09000015258789,0.0,13.449999809265137,0.0,0.0,0.0,0.0,0.0,0.0,False,9999.989999999998,0.08555446089746573,10001.195462367097
2025-09-03,2025-09-04,14.09000015258789,13.449999809265137,0.0,13.15999984741211,0.0,0.0,0.0,0.0,0.0,0.0,False,9999.989999999998,0.08555446089746573,10001.140707482751
2025-09-04,2025-09-05,13.449999809265137,13.15999984741211,0.0,13.289999961853027,0.0,0.0,0.0,0.0,0.0,0.0,False,9999.989999999998,0.08555446089746573,10001.115896692354
2025-09-05,2025-09-08,13.15999984741211,13.289999961853027,0.0,13.4399995803833,0.0,0.0,0.0,0.0,0.0,0.0,False,9999.989999999998,0.08555446089746573,10001.127018782061
2025-09-08,2025-09-09,13.289999961853027,13.4399995803833,0.0,15.210000038146973,0.0,0.0,0.0,0.0,0.0,0.0,False,9999.989999999998,0.08555446089746573,10001.13985191856
2025-09-09,2025-09-10,13.4399995803833,15.210000038146973,0.0,16.399999618530273,0.0,0.0,0.0,0.0,0.0,0.0,False,9999.989999999998,0.08555446089746573,10001.291283353512
2025-09-10,2025-09-11,15.210000038146973,16.399999618530273,0.0,15.649999618530273,0.0,0.0,0.0,0.0,0.0,0.0,False,9999.989999999998,0.08555446089746573,10001.39309312608
2025-09-11,2025-09-12,16.399999618530273,15.649999618530273,0.0,15.890000343322754,0.0,0.0,0.0,0.0,0.0,0.0,False,9999.989999999998,0.08555446089746573,10001.328927280407
2025-09-12,2025-09-15,15.649999618530273,15.890000343322754,0.0,16.68000030517578,0.0,0.0,0.0,0.0,0.0,0.0,False,9999.989999999998,0.08555446089746573,10001.349460413032
2025-09-15,2025-09-16,15.890000343322754,16.68000030517578,0.0,17.520000457763672,0.0,0.0,0.0,0.0,0.0,0.0,False,9999.989999999998,0.08555446089746573,10001.417048433877
2025-09-16,2025-09-17,16.68000030517578,17.520000457763672,0.0,17.6200008392334,0.0,0.0,0.0,0.0,0.0,0.0,False,9999.989999999998,0.08555446089746573,10001.488914194086
2025-09-17,2025-09-18,17.520000457763672,17.6200008392334,0.0,17.510000228881836,0.0,0.0,0.0,0.0,0.0,0.0,False,9999.989999999998,0.08555446089746573,10001.497469672811
2025-09-18,2025-09-19,17.6200008392334,17.510000228881836,0.0,17.459999084472656,0.0,0.0,0.0,0.0,0.0,0.0,False,9999.989999999998,0.08555446089746573,10001.488058629895
2025-09-19,2025-09-22,17.510000228881836,17.459999084472656,0.0,17.5,0.0,0.0,0.0,0.0,0.0,0.0,False,9999.989999999998,0.08555446089746573,10001.48378080894
2025-09-22,2025-09-23,17.459999084472656,17.5,0.0,17.06999969482422,0.0,0.0,0.0,0.0,0.0,0.0,False,9999.989999999998,0.08555446089746573,10001.487203065704
2025-09-23,2025-09-24,17.5,17.06999969482422,0.0,17.989999771118164,0.0,0.0,0.0,0.0,0.0,0.0,False,9999.989999999998,0.08555446089746573,10001.45041462141
2025-09-24,2025-09-25,17.06999969482422,17.989999771118164,0.0,16.739999771118164,0.0,0.0,0.0,0.0,0.0,0.0,False,9999.989999999998,0.08555446089746573,10001.529124731962
2025-09-25,2025-09-26,17.989999771118164,16.739999771118164,1.0,17.690000534057617,0.056500860356153065,1.0,0.001,0.0,0.0,0.0,False,9998.988999999998,0.1420553212536188,10001.36700604527
2025-09-26,2025-09-29,16.739999771118164,17.690000534057617,0.0,19.780000686645508,0.0,0.0,0.0,0.0,0.0,0.0,False,9998.988999999998,0.1420553212536188,10001.50195870884
2025-09-29,2025-09-30,17.690000534057617,19.780000686645508,0.0,19.030000686645508,0.0,0.0,0.0,0.0525748930123357,1.0,0.001,False,9999.987999999998,0.0894804282412831,10001.75792293205
2025-09-30,2025-10-01,19.780000686645508,19.030000686645508,0.0,18.93000030517578,0.0,0.0,0.0,0.0,0.0,0.0,False,9999.987999999998,0.0894804282412831,10001.69081261087
2025-10-01,2025-10-02,19.030000686645508,18.93000030517578,0.0,19.25,0.0,0.0,0.0,0.0,0.0,0.0,False,9999.987999999998,0.0894804282412831,10001.681864533912
2025-10-02,2025-10-03,18.93000030517578,19.25,0.0,19.440000534057617,0.0,0.0,0.0,0.0,0.0,0.0,False,9999.987999999998,0.0894804282412831,10001.710498243643
2025-10-03,2025-10-06,19.25,19.440000534057617,0.0,21.559999465942383,0.0,0.0,0.0,0.0,0.0,0.0,False,9999.987999999998,0.0894804282412831,10001.727499572797
2025-10-06,2025-10-07,19.440000534057617,21.559999465942383,0.0,21.469999313354492,0.0,0.0,0.0,0.0,0.0,0.0,False,9999.987999999998,0.0894804282412831,10001.917197985093
2025-10-07,2025-10-08,21.559999465942383,21.469999313354492,0.0,21.989999771118164,0.0,0.0,0.0,0.0,0.0,0.0,False,9999.987999999998,0.0894804282412831,10001.909144732897
2025-10-08,2025-10-09,21.469999313354492,21.989999771118164,0.0,22.280000686645508,0.0,0.0,0.0,0.0,0.0,0.0,False,9999.987999999998,0.0894804282412831,10001.955674596544
2025-10-09,2025-10-10,21.989999771118164,22.280000686645508,0.0,21.010000228881836,0.0,0.0,0.0,0.0,0.0,0.0,False,9999.987999999998,0.0894804282412831,10001.981624002654
2025-10-10,2025-10-13,22.280000686645508,21.010000228881836,1.0,21.700000762939453,0.046059917729683604,1.0,0.001,0.0,0.0,0.0,False,9998.986999999997,0.1355403459709667,10001.83470269987
2025-10-13,2025-10-14,21.010000228881836,21.700000762939453,0.0,22.190000534057617,0.0,0.0,0.0,0.0,0.0,0.0,False,9998.986999999997,0.1355403459709667,10001.928225610976
2025-10-14,2025-10-15,21.700000762939453,22.190000534057617,0.0,22.1299991607666,0.0,0.0,0.0,0.0,0.0,0.0,False,9998.986999999997,0.1355403459709667,10001.99464034948
2025-10-15,2025-10-16,22.190000534057617,22.1299991607666,0.0,19.549999237060547,0.0,0.0,0.0,0.0,0.0,0.0,False,9998.986999999997,0.1355403459709667,10001.986507742586
2025-10-16,2025-10-17,22.1299991607666,19.549999237060547,2.0,20.030000686645508,0.09980032107951486,2.0,0.002,0.0,0.0,0.0,False,9996.984999999997,0.23534066705048157,10001.585909861284
2025-10-17,2025-10-20,19.549999237060547,20.030000686645508,0.0,22.010000228881836,0.0,0.0,0.0,0.0,0.0,0.0,False,9996.984999999997,0.23534066705048157,10001.698873722613
2025-10-20,2025-10-21,20.030000686645508,22.010000228881836,0.0,20.670000076293945,0.0,0.0,0.0,0.0,0.0,0.0,False,9996.984999999997,0.23534066705048157,10002.164848135642
2025-10-21,2025-10-22,22.010000228881836,20.670000076293945,1.0,18.989999771118164,0.052632978510889696,1.0,0.001,0.0,0.0,0.0,False,9995.983999999997,0.2879736455613713,10001.93641527572
2025-10-22,2025-10-23,20.670000076293945,18.989999771118164,1.0,20.489999771118164,0.04877990537041956,1.0,0.001,0.0,0.0,0.0,False,9994.982999999997,0.3367535509317908,10001.377949855114
2025-10-23,2025-10-24,18.989999771118164,20.489999771118164,0.0,21.420000076293945,0.0,0.0,0.0,0.0,0.0,0.0,False,9994.982999999997,0.3367535509317908,10001.883080181513
2025-10-24,2025-10-27,20.489999771118164,21.420000076293945,0.0,23.0,0.0,0.0,0.0,0.043500010875002715,1.0,0.001,False,9995.981999999996,0.2932535400567881,10002.263490850386
2025-10-27,2025-10-28,21.420000076293945,23.0,0.0,21.55500030517578,0.0,0.0,0.0,0.09283231138575512,2.0,0.002,False,9997.979999999996,0.20042122867103299,10002.58968825943
2025-10-28,2025-10-29,23.0,21.55500030517578,1.0,22.170000076293945,0.04508345721404906,1.0,0.001,0.0,0.0,0.0,False,9996.978999999996,0.24550468588508204,10002.27085357917
2025-10-29,2025-10-30,21.55500030517578,22.170000076293945,0.0,21.09000015258789,0.0,0.0,0.0,0.04743955632462592,1.0,0.001,False,9997.977999999996,0.19806512956045613,10002.369103937463
2025-10-30,2025-10-31,22.170000076293945,21.09000015258789,1.0,19.780000686645508,0.050530850110125446,1.0,0.001,0.0,0.0,0.0,False,9996.976999999995,0.24859597967058158,10002.219889249182
2025-10-31,2025-11-03,21.09000015258789,19.780000686645508,1.0,20.719999313354492,0.04823843064661024,1.0,0.001,0.0,0.0,0.0,False,9995.975999999995,0.2968344103171918,10001.84738483989
2025-11-03,2025-11-04,19.780000686645508,20.719999313354492,0.0,19.274999618530273,0.0,0.0,0.0,0.0,0.0,0.0,False,9995.975999999995,0.2968344103171918,10002.126408777947
2025-11-04,2025-11-05,20.719999313354492,19.274999618530273,1.0,18.969999313354492,0.052688470535232686,1.0,0.001,0.0,0.0,0.0,False,9994.974999999995,0.3495228808524245,10001.712053395093
2025-11-05,2025-11-06,19.274999618530273,18.969999313354492,0.0,17.34000015258789,0.0,0.0,0.0,0.0,0.0,0.0,False,9994.974999999995,0.3495228808524245,10001.605448809767
2025-11-06,2025-11-07,18.969999313354492,17.34000015258789,1.0,17.010000228881836,0.05875956710323721,1.0,0.001,0.0,0.0,0.0,False,9993.973999999995,0.4082824479556617,10001.053617709846
2025-11-07,2025-11-10,17.34000015258789,17.010000228881836,0.0,17.31999969482422,0.0,0.0,0.0,0.0,0.0,0.0,False,9993.973999999995,0.4082824479556617,10000.918884533168
2025-11-10,2025-11-11,17.010000228881836,17.31999969482422,0.0,16.139999389648438,0.0,0.0,0.0,0.0,0.0,0.0,False,9993.973999999995,0.4082824479556617,10001.045451873988
2025-11-11,2025-11-12,17.31999969482422,16.139999389648438,1.0,15.460000038146973,0.06465072751674211,1.0,0.001,0.0,0.0,0.0,False,9992.972999999994,0.4729331754724038,10000.606141163464
2025-11-12,2025-11-13,16.139999389648438,15.460000038146973,0.0,13.880000114440918,0.0,0.0,0.0,0.0,0.0,0.0,False,9992.972999999994,0.4729331754724038,10000.28454691084
2025-11-13,2025-11-14,15.460000038146973,13.880000114440918,1.0,13.949999809265137,0.07164876441153978,1.0,0.001,0.0,0.0,0.0,False,9991.971999999994,0.5445819398839435,9999.530797387906
2025-11-14,2025-11-17,13.880000114440918,13.949999809265137,0.0,13.880000114440918,0.0,0.0,0.0,0.0,0.0,0.0,False,9991.971999999994,0.5445819398839435,9999.568917957504
2025-11-17,2025-11-18,13.949999809265137,13.880000114440918,0.0,13.9399995803833,0.0,0.0,0.0,0.0,0.0,0.0,False,9991.971999999994,0.5445819398839435,9999.530797387906
2025-11-18,2025-11-19,13.880000114440918,13.9399995803833,0.0,13.350000381469727,0.0,0.0,0.0,0.0,0.0,0.0,False,9991.971999999994,0.5445819398839435,9999.56347201346
2025-11-19,2025-11-20,13.9399995803833,13.350000381469727,0.0,12.779999732971191,0.0,0.0,0.0,0.0,0.0,0.0,False,9991.971999999994,0.5445819398839435,9999.242169105186
2025-11-20,2025-11-21,13.350000381469727,12.779999732971191,0.0,12.710000038146973,0.0,0.0,0.0,0.0,0.0,0.0,False,9991.971999999994,0.5445819398839435,9998.931757046292
2025-11-21,2025-11-24,12.779999732971191,12.710000038146973,0.0,13.880000114440918,0.0,0.0,0.0,0.0,0.0,0.0,False,9991.971999999994,0.5445819398839435,9998.893636476694
2025-11-24,2025-11-25,12.710000038146973,13.880000114440918,0.0,14.390000343322754,0.0,0.0,0.0,0.0,0.0,0.0,False,9991.971999999994,0.5445819398839435,9999.530797387906
2025-11-25,2025-11-26,13.880000114440918,14.390000343322754,0.0,14.960000038146973,0.0,0.0,0.0,0.0,0.0,0.0,False,9991.971999999994,0.5445819398839435,9999.808534301892
2025-11-26,2025-11-28,14.390000343322754,14.960000038146973,0.0,16.1299991607666,0.0,0.0,0.0,0.0,0.0,0.0,False,9991.971999999994,0.5445819398839435,10000.118945841432
2025-11-28,2025-12-01,14.960000038146973,16.1299991607666,0.0,15.479999542236328,0.0,0.0,0.0,0.06463180101493236,1.0,0.001,False,9992.970999999994,0.47995013886901117,10000.712595337161
2025-12-01,2025-12-02,16.1299991607666,15.479999542236328,0.0,15.220000267028809,0.0,0.0,0.0,0.0,0.0,0.0,False,9992.970999999994,0.47995013886901117,10000.400627929983
2025-12-02,2025-12-03,15.479999542236328,15.220000267028809,0.0,15.640000343322754,0.0,0.0,0.0,0.0,0.0,0.0,False,9992.970999999994,0.47995013886901117,10000.27584124174
2025-12-03,2025-12-04,15.220000267028809,15.640000343322754,0.0,15.59000015258789,0.0,0.0,0.0,0.0,0.0,0.0,False,9992.970999999994,0.47995013886901117,10000.477420336683
2025-12-04,2025-12-05,15.640000343322754,15.59000015258789,0.0,14.9399995803833,0.0,0.0,0.0,0.0,0.0,0.0,False,9992.970999999994,0.47995013886901117,10000.453422738197
2025-12-05,2025-12-08,15.59000015258789,14.9399995803833,0.0,14.960000038146973,0.0,0.0,0.0,0.0,0.0,0.0,False,9992.970999999994,0.47995013886901117,10000.141454873303
2025-12-08,2025-12-09,14.9399995803833,14.960000038146973,0.0,15.510000228881836,0.0,0.0,0.0,0.0,0.0,0.0,False,9992.970999999994,0.47995013886901117,10000.151054095782
2025-12-09,2025-12-10,14.960000038146973,15.510000228881836,0.0,15.569999694824219,0.0,0.0,0.0,0.0,0.0,0.0,False,9992.970999999994,0.47995013886901117,10000.415026763705
2025-12-10,2025-12-11,15.510000228881836,15.569999694824219,0.0,15.75,0.0,0.0,0.0,0.0,0.0,0.0,False,9992.970999999994,0.47995013886901117,10000.443823515716
2025-12-11,2025-12-12,15.569999694824219,15.75,0.0,15.300000190734863,0.0,0.0,0.0,0.0,0.0,0.0,False,9992.970999999994,0.47995013886901117,10000.530214687182
2025-12-12,2025-12-15,15.75,15.300000190734863,0.0,13.710000038146973,0.0,0.0,0.0,0.0,0.0,0.0,False,9992.970999999994,0.47995013886901117,10000.314237216233
2025-12-15,2025-12-16,15.300000190734863,13.710000038146973,1.0,13.470000267028809,0.07420194729480363,1.0,0.001,0.0,0.0,0.0,False,9991.969999999994,0.5541520861638148,9999.567425122439
2025-12-16,2025-12-17,13.710000038146973,13.470000267028809,0.0,12.960000038146973,0.0,0.0,0.0,0.0,0.0,0.0,False,9991.969999999994,0.5541520861638148,9999.434428748595
2025-12-17,2025-12-18,13.470000267028809,12.960000038146973,0.0,13.380000114440918,0.0,0.0,0.0,0.0,0.0,0.0,False,9991.969999999994,0.5541520861638148,9999.151811057816
2025-12-18,2025-12-19,12.960000038146973,13.380000114440918,0.0,14.5,0.0,0.0,0.0,0.0,0.0,0.0,False,9991.969999999994,0.5541520861638148,9999.384554976283
2025-12-19,2025-12-22,13.380000114440918,14.5,0.0,14.399999618530273,0.0,0.0,0.0,0.0,0.0,0.0,False,9991.969999999994,0.5541520861638148,10000.005205249368
2025-12-22,2025-12-23,14.5,14.399999618530273,0.0,13.670000076293945,0.0,0.0,0.0,0.0,0.0,0.0,False,9991.969999999994,0.5541520861638148,9999.949789829361
2025-12-23,2025-12-24,14.399999618530273,13.670000076293945,0.0,13.920000076293945,0.0,0.0,0.0,0.0,0.0,0.0,False,9991.969999999994,0.5541520861638148,9999.545259060133
2025-12-24,2025-12-26,13.670000076293945,13.920000076293945,0.0,13.4399995803833,0.0,0.0,0.0,0.0,0.0,0.0,False,9991.969999999994,0.5541520861638148,9999.683797081672
2025-12-26,2025-12-29,13.920000076293945,13.4399995803833,0.0,13.210000038146973,0.0,0.0,0.0,0.0,0.0,0.0,False,9991.969999999994,0.5541520861638148,9999.417803805503
2025-12-29,2025-12-30,13.4399995803833,13.210000038146973,0.0,12.699999809265137,0.0,0.0,0.0,0.0,0.0,0.0,False,9991.969999999994,0.5541520861638148,9999.290349079358
2025-12-30,2025-12-31,13.210000038146973,12.699999809265137,0.0,12.670000076293945,0.0,0.0,0.0,0.0,0.0,0.0,False,9991.969999999994,0.5541520861638148,9999.007731388578
